SITE_ID;PROGRAM_ID;LATDD;LONDD;LATDD_CENTROID;LONDD_CENTROID;SITE_NAME;COMID;FEATUREID;COUNTY;STATE;ECOREGION_I;ECOREGION_II;ECOREGION_III;ECOREGION_IV;ECONAME_I;ECONAME_II;ECONAME_III;ECONAME_IV;LAKE_DEPTH_MAX;LAKE_DEPTH_MEAN;LAKE_RET;LAKE_AREA_HA;LAKE_AREA_NHD2;WSHD_AREA_HA;SITE_ELEV;WSHD_ELEV_AVG;WSHD_ELEV_MIN;WSHD_ELEV_MAX;WSHD_SLOPE_AVG;UPDATE_DATE
01364959;LTM_CAT;41,9369;-74,375;43,99265714;-73,24251274;Rondout Creek;6199754;6199754;Ulster;New York;5;5;5.3;58y;Northern Forests;Atlantic Highlands;Northern Appalachian And Atlantic Maritime Highlands;Catskill High Peaks;10,43333333;4,363157895;;34,77619048;34,89214286;1054,806667;516,35;785,62;515,97;1163,99;13,87;
0143400680;LTM_CAT;41,9669;-74,4483;43,99265714;-73,24251274;East Branch Neversink, Headwater;4147950;4147950;Ulster;New York;5;5;5.3;58y;Northern Forests;Atlantic Highlands;Northern Appalachian And Atlantic Maritime Highlands;Catskill High Peaks;10,43333333;4,363157895;;34,77619048;34,89214286;1054,806667;651,66;899,31;651,48;1264,99;15,03;
01434021;LTM_CAT;42,0111;-74,4147;43,99265714;-73,24251274;W Br Neversink R At Winnisook Lake;4146586;4146586;Ulster;New York;5;5;5.3;58y;Northern Forests;Atlantic Highlands;Northern Appalachian And Atlantic Maritime Highlands;Catskill High Peaks;10,43333333;4,363157895;;34,77619048;34,89214286;1054,806667;824,17;1030,47;815,09;1238,21;16,6;
01434025;LTM_CAT;41,9953;-74,5014;43,99265714;-73,24251274;Biscuit Brook;4147946;4147946;Ulster;New York;5;5;5.3;58y;Northern Forests;Atlantic Highlands;Northern Appalachian And Atlantic Maritime Highlands;Catskill High Peaks;10,43333333;4,363157895;;34,77619048;34,89214286;1054,806667;635,05;869,6;625,42;1116,49;14,63;
01434105;LTM_CAT;41,9763;-74,5235;43,99265714;-73,24251274;High Falls Brook;4147378;4147378;Ulster;New York;5;5;5.3;58y;Northern Forests;Atlantic Highlands;Northern Appalachian And Atlantic Maritime Highlands;Catskill High Peaks;10,43333333;4,363157895;;34,77619048;34,89214286;1054,806667;593,7;832,51;583,91;1171,71;13,08;
020058;LTM_ALTM;44,51709;-74,12604;44,51731;-74,12629;Little Hope Pond;9522119;9522529;Franklin;New York;5;5,3;5.3.1;58ad;Northern Forests;Atlantic Highlands;Northern Appalachian And Atlantic Maritime Highlands;Central Adirondacks;6,2;3,5;;2,8;2,17;59,76;516,97;546,83;516,49;593,04;9,55;2020-02-06 09:36:22
020059;LTM_ME;44,5136;-74,12673;44,51369;-74,12683;Big Hope Pond;9522129;9522529;Franklin;New York;5;5,3;5.3.1;58ad;Northern Forests;Atlantic Highlands;Northern Appalachian And Atlantic Maritime Highlands;Central Adirondacks;11,5;5,8;;8,9;7,7;98,91;516,23;536,6;513,18;593,04;7,09;2020-02-06 09:36:22
020059;LTM_ALTM;44,5136;-74,12673;44,51369;-74,12683;Big Hope Pond;9522129;9522529;Franklin;New York;5;5,3;5.3.1;58ad;Northern Forests;Atlantic Highlands;Northern Appalachian And Atlantic Maritime Highlands;Central Adirondacks;11,5;5,8;;8,9;7,7;98,91;516,23;536,6;513,18;593,04;7,09;2020-02-06 09:36:22
020138;LTM_ALTM;44,31384;-74,37335;44,31395;-74,37624;East Copperas Pond;9523543;9524877;Franklin;New York;5;5,3;5.3.1;58ad;Northern Forests;Atlantic Highlands;Northern Appalachian And Atlantic Maritime Highlands;Central Adirondacks;6,4;4,1;;3,6;9,97;18,9;480,08;483,65;479,57;493,98;3,26;2020-02-06 09:36:22
020188;LTM_ALTM;44,34609;-74,30065;44,3461;-74,30066;Sunday Pond;9523439;9524381;Franklin;New York;5;5,3;5.3.1;58ad;Northern Forests;Atlantic Highlands;Northern Appalachian And Atlantic Maritime Highlands;Central Adirondacks;11;5,4;;4;4,34;29,34;494,95;495,26;494,95;497,15;0,33;2020-02-06 09:36:22
020197;LTM_ALTM;44,35282;-74,29424;44,35283;-74,29434;Sochia Pond;9523423;9524381;Franklin;New York;5;5,3;5.3.1;58ad;Northern Forests;Atlantic Highlands;Northern Appalachian And Atlantic Maritime Highlands;Central Adirondacks;5,5;3,1;;1,6;1,54;38,43;494,95;496,06;494,44;501,03;1,24;2020-02-06 09:36:22
030171;LTM_ALTM;44,65698;-74,49562;44,65688;-74,49564;Grass Pond (3);17828204,58;15457138;Franklin;New York;5;5,3;5.3.1;58ab;Northern Forests;Atlantic Highlands;Northern Appalachian And Atlantic Maritime Highlands;Northern and Western Adirondack Foothills;7;4,2;;1,6;1,89;44,73;381,21;409,03;379,96;433,81;15,16510918;2020-02-06 09:36:22
030172;LTM_ALTM;44,66022;-74,49632;44,66237;-74,50042;Little Clear Pond;15454556;15457138;Franklin;New York;5;5,3;5.3.1;58ab;Northern Forests;Atlantic Highlands;Northern Appalachian And Atlantic Maritime Highlands;Northern and Western Adirondack Foothills;14;5,5;;1,9;3,39;79,56;381,7;408,4;379,96;433,81;8,81;2020-02-06 09:36:22
030255;LTM_ALTM;44,43219;-74,29813;43,99265714;-73,24251274;Black Pond Stream;15458654;15458654;Franklin;New York;5;5;5.3;58ad;Northern Forests;Atlantic Highlands;Northern Appalachian And Atlantic Maritime Highlands;Central Adirondacks;10,43333333;4,363157895;;34,77619048;34,89214286;1054,806667;495,09;517,29;494,07;591,71;6,88701;
040210;LTM_ME;43,96821;-74,95708;43,96932;-74,9551;Willys Lake;15493528;15494416;Herkimer;New York;5;5,3;5.3.1;58aa;Northern Forests;Atlantic Highlands;Northern Appalachian And Atlantic Maritime Highlands;Acid Sensitive Adirondacks;13,7;4,9;;24,3;24,4;149,31;631,98;654,1;624,29;729,26;13,43;2020-02-06 09:36:22
040210;LTM_ALTM;43,96821;-74,95708;43,96932;-74,9551;Willys Lake;15493528;15494416;Herkimer;New York;5;5,3;5.3.1;58aa;Northern Forests;Atlantic Highlands;Northern Appalachian And Atlantic Maritime Highlands;Acid Sensitive Adirondacks;13,7;4,9;;24,3;24,4;149,31;631,98;654,1;624,29;729,26;13,43;2020-02-06 09:36:22
040576;LTM_ALTM;43,86566;-74,95512;43,87003;-74,95232;Woods Lake;15509626;15510356;Herkimer;New York;5;5,3;5.3.1;58aa;Northern Forests;Atlantic Highlands;Northern Appalachian And Atlantic Maritime Highlands;Acid Sensitive Adirondacks;10,1;3,5;;24,7;24,93;206,46;600,68;636,95;596,83;731,24;15,13;2020-02-06 09:36:22
040704;LTM_ALTM;43,68348;-75,10116;43,6851;-75,0974;Middle Settlement Lake;15512166;15513490;Herkimer;New York;5;5,3;5.3.1;58aa;Northern Forests;Atlantic Highlands;Northern Appalachian And Atlantic Maritime Highlands;Acid Sensitive Adirondacks;11;3,4;;15,8;7,83;92,16;526,28;551,75;525,96;606,57;13,21;2020-02-06 09:36:22
040707;LTM_ALTM;43,69815;-75,1016;43,70161;-75,09831;Middle Branch Lake;15512138;15513440;Herkimer;New York;5;5,3;5.3.1;58aa;Northern Forests;Atlantic Highlands;Northern Appalachian And Atlantic Maritime Highlands;Acid Sensitive Adirondacks;5,2;2,1;;17;18,78;274,23;496,46;522,72;495,27;641,7;9,65;2020-02-06 09:36:22
040826;LTM_ALTM;43,71301;-74,81246;43,71197;-74,79867;Limekiln Lake;15509906;15510564;Herkimer;New York;5;5,3;5.3.1;58aa;Northern Forests;Atlantic Highlands;Northern Appalachian And Atlantic Maritime Highlands;Acid Sensitive Adirondacks;21,9;6,1;;186,9;185,71;1433,34;575,29;642,61;570,54;886,36;15,28;2020-02-06 09:36:22
040850;LTM_ALTM;43,63645;-74,73844;43,63276;-74,73863;Squaw Lake;15510018;15510710;Hamilton;New York;5;5,3;5.3.1;58aa;Northern Forests;Atlantic Highlands;Northern Appalachian And Atlantic Maritime Highlands;Acid Sensitive Adirondacks;6,7;3,4;;36,4;39,21;200,88;644,83;667,93;645,76;773,09;10,11;2020-02-06 09:36:22
040850;LTM_ME;43,63645;-74,73844;43,63276;-74,73863;Squaw Lake;15510018;15510710;Hamilton;New York;5;5,3;5.3.1;58aa;Northern Forests;Atlantic Highlands;Northern Appalachian And Atlantic Maritime Highlands;Acid Sensitive Adirondacks;6,7;3,4;;36,4;39,21;200,88;644,83;667,93;645,76;773,09;10,11;2020-02-06 09:36:22
040852;LTM_ME;43,62286;-74,76075;43,61745;-74,7557;Indian Lake;15510040;15511466;Hamilton;New York;5;5,3;5.3.1;58aa;Northern Forests;Atlantic Highlands;Northern Appalachian And Atlantic Maritime Highlands;Acid Sensitive Adirondacks;10,7;3;;33,2;33,4;1101,6;652,35;728,83;651,99;881,17;13,61;2020-02-06 09:36:22
040852;LTM_ALTM;43,62286;-74,76075;43,61745;-74,7557;Indian Lake;15510040;15511466;Hamilton;New York;5;5,3;5.3.1;58aa;Northern Forests;Atlantic Highlands;Northern Appalachian And Atlantic Maritime Highlands;Acid Sensitive Adirondacks;10,7;3;;33,2;33,4;1101,6;652,35;728,83;651,99;881,17;13,61;2020-02-06 09:36:22
040874;LTM_ALTM;43,5999;-74,66236;43,60298;-74,66308;Brook Trout Lake;15510068;15510818;Hamilton;New York;5;5,3;5.3.1;58aa;Northern Forests;Atlantic Highlands;Northern Appalachian And Atlantic Maritime Highlands;Acid Sensitive Adirondacks;23,2;8,4;;28,7;30,59;159,75;724,03;774,36;713,98;898,71;22,21;2020-02-06 09:36:22
040887;LTM_ALTM;43,64643;-74,56177;43,64652;-74,55696;Lost Pond;15510004;15510714;Hamilton;New York;5;5,3;5.3.1;58aa;Northern Forests;Atlantic Highlands;Northern Appalachian And Atlantic Maritime Highlands;Acid Sensitive Adirondacks;1,2;0,7;;4,4;5,1;139,05;717,13;751,43;716,96;811,29;13,24;2020-02-06 09:36:22
041007;LTM_ALTM;43,52218;-74,94789;43,53937;-74,9271;North Lake;15510136;15510912;Herkimer;New York;5;5,3;5.3.1;58aa;Northern Forests;Atlantic Highlands;Northern Appalachian And Atlantic Maritime Highlands;Acid Sensitive Adirondacks;17,7;5,7;;176,8;180,24;7718,31;557,13;671,48;550,72;823,26;12,76;2020-02-06 09:36:22
041007;LTM_ME;43,52218;-74,94789;43,53937;-74,9271;North Lake;15510136;15510912;Herkimer;New York;5;5,3;5.3.1;58aa;Northern Forests;Atlantic Highlands;Northern Appalachian And Atlantic Maritime Highlands;Acid Sensitive Adirondacks;17,7;5,7;;176,8;180,24;7718,31;557,13;671,48;550,72;823,26;12,76;2020-02-06 09:36:22
04253630;LTM_ALTM;43,82509;-74,8385;43,99265714;-73,24251274;Constable Pond Stream;15510408;15510408;Herkimer;New York;5;5;5.3;58aa;Northern Forests;Atlantic Highlands;Northern Appalachian And Atlantic Maritime Highlands;Acid Sensitive Adirondacks;10,43333333;4,363157895;;34,77619048;34,89214286;1054,806667;561,05;641,95;578,97;761,26;7,67719;
04253635;LTM_ALTM;43,8217;-74,88246;43,99265714;-73,24251274;Squash Pond Stream;17828204,58;15511264;Herkimer;New York;5;5;5.3;58aa;Northern Forests;Atlantic Highlands;Northern Appalachian And Atlantic Maritime Highlands;Acid Sensitive Adirondacks;10,43333333;4,363157895;;34,77619048;34,89214286;1054,806667;569,77;674,03;569,77;758,35;7,84262;
04253639;LTM_ALTM;43,81358;-74,88347;43,99265714;-73,24251274;West Pond Stream;15510422;15510422;Herkimer;New York;5;5;5.3;58aa;Northern Forests;Atlantic Highlands;Northern Appalachian And Atlantic Maritime Highlands;Acid Sensitive Adirondacks;10,43333333;4,363157895;;34,77619048;34,89214286;1054,806667;575,81;592,92;575,81;664,69;5,31853;
04253660;LTM_ALTM;43,80395;-74,84911;43,99265714;-73,24251274;Windfall Pond Stream;15510432;15510432;Herkimer;New York;5;5;5.3;58aa;Northern Forests;Atlantic Highlands;Northern Appalachian And Atlantic Maritime Highlands;Acid Sensitive Adirondacks;10,43333333;4,363157895;;34,77619048;34,89214286;1054,806667;538,82;633,07;579,27;732,5;8,28121;
04253712;LTM_ALTM;43,78369;-74,83659;43,99265714;-73,24251274;Cascade Lake Stream;15510454;15510454;Herkimer;New York;5;5;5.3;58aa;Northern Forests;Atlantic Highlands;Northern Appalachian And Atlantic Maritime Highlands;Acid Sensitive Adirondacks;10,43333333;4,363157895;;34,77619048;34,89214286;1054,806667;542,34;606,75;540,82;758,67;9,86054;
04253740;LTM_ALTM;43,78088;-74,85339;43,99265714;-73,24251274;Bubb Lake Stream;15510456;15510456;Herkimer;New York;5;5;5.3;58aa;Northern Forests;Atlantic Highlands;Northern Appalachian And Atlantic Maritime Highlands;Acid Sensitive Adirondacks;10,43333333;4,363157895;;34,77619048;34,89214286;1054,806667;537,7;617,43;547,04;722,25;7,58002;
050215;LTM_ALTM;43,37029;-74,24624;43,36919;-74,24296;Willis Lake;22295080;22297600;Hamilton;New York;5;5,3;5.3.1;58aa;Northern Forests;Atlantic Highlands;Northern Appalachian And Atlantic Maritime Highlands;Acid Sensitive Adirondacks;2,7;1,6;;14,6;15,58;137,52;399,99;428,12;390,03;566,59;13,91;2020-02-06 09:36:22
050649;LTM_ALTM;43,83789;-74,47903;43,83689;-74,48091;Long Pond;17828204,58;22305705;Hamilton;New York;5;5,3;5.3.1;58aa;Northern Forests;Atlantic Highlands;Northern Appalachian And Atlantic Maritime Highlands;Acid Sensitive Adirondacks;4;2;;1,7;1,84;32,31;572,25;587,58;571,65;608,51;13,75;2020-02-06 09:36:22
050669;LTM_ALTM;43,68204;-74,48856;43,68229;-74,48867;Carry Pond;22305305;22305939;Hamilton;New York;5;5,3;5.3.1;58ad;Northern Forests;Atlantic Highlands;Northern Appalachian And Atlantic Maritime Highlands;Central Adirondacks;4,6;2,2;;2,8;2,82;15,21;652,19;654,72;648,56;660,31;2,46;2020-02-06 09:36:22
050706;LTM_ALTM;44,11938;-73,98261;44,12266;-73,97953;Lake Colden;22302759;22302865;Essex;New York;5;5,3;5.3.1;58j;Northern Forests;Atlantic Highlands;Northern Appalachian And Atlantic Maritime Highlands;Upper Montane/Alpine Zone;7,3;2,3;;15,4;13,19;656,46;844,34;1300,67;1129,97;1509,33;41,57;2020-02-06 09:36:22
050707;LTM_ALTM;44,13056;-73,96983;44,13287;-73,96681;Avalanche Lake;22302757;22302861;Essex;New York;5;5,3;5.3.1;58j;Northern Forests;Atlantic Highlands;Northern Appalachian And Atlantic Maritime Highlands;Upper Montane/Alpine Zone;7;3,3;;4,4;3,4;124,11;875,23;1094,15;872,93;1427,22;64,44;2020-02-06 09:36:22
060182;LTM_ALTM;44,16154;-74,4413;44,15531;-74,44467;Little Simon Pond;15466103;15466943;Franklin;New York;5;5,3;5.3.1;58aa;Northern Forests;Atlantic Highlands;Northern Appalachian And Atlantic Maritime Highlands;Acid Sensitive Adirondacks;32;11;;58,1;60,23;738,9;544,04;635,02;543,5;949,8;22,39;2020-02-06 09:36:22
060315A;LTM_ALTM;43,79492;-74,6513;43,79301;-74,65186;Raquette Lake Reservoir;17828204,58;15469209;Hamilton;New York;5;5,3;5.3.1;58aa;Northern Forests;Atlantic Highlands;Northern Appalachian And Atlantic Maritime Highlands;Acid Sensitive Adirondacks;3;1,6;;1,5;2,06;416,43;568,01;624,55;564,99;717,55;15,5;2020-02-06 09:36:22
070728;LTM_ALTM;43,18109;-74,5032;43,99265714;-73,24251274;Otter Lake Stream;22741391;22741391;Fulton;New York;5;5;5.3;58aa;Northern Forests;Atlantic Highlands;Northern Appalachian And Atlantic Maritime Highlands;Acid Sensitive Adirondacks;10,43333333;4,363157895;;34,77619048;34,89214286;1054,806667;486,15;567,52;484,9;669,61;9,14655;
070859;LTM_ALTM;43,41862;-74,63616;43,41421;-74,63251;G Lake;22739021;22739563;Hamilton;New York;5;5,3;5.3.1;58aa;Northern Forests;Atlantic Highlands;Northern Appalachian And Atlantic Maritime Highlands;Acid Sensitive Adirondacks;9,8;4,5;;32,2;34,72;432,36;619,42;717,47;614,99;909,74;16,57;2020-02-06 09:36:22
1A1-017;LTM_ALTM;43,83101;-74,80642;43,8329;-74,7982;Constable Pond;15509724;15511244;Hamilton;New York;5;5,3;5.3.1;58aa;Northern Forests;Atlantic Highlands;Northern Appalachian And Atlantic Maritime Highlands;Acid Sensitive Adirondacks;4;2,1;;20,6;21,98;941,85;579,65;641;579,64;761,26;13,29;2020-02-06 09:36:22
1A1-029;LTM_ALTM;44,33728;-74,37198;44,33935;-74,37913;Middle Pond;9523465;9524869;Franklin;New York;5;5,3;5.3.1;58ad;Northern Forests;Atlantic Highlands;Northern Appalachian And Atlantic Maritime Highlands;Central Adirondacks;3,3;1,5;;24,3;22,99;204,84;483,07;501,74;483,59;549,96;7,57;2020-02-06 09:36:22
1A1-052;LTM_ALTM;43,9823;-74,23556;43,98787;-74,24151;Arbutus Pond;22305077;22306779;Essex;New York;5;5,3;5.3.1;58ad;Northern Forests;Atlantic Highlands;Northern Appalachian And Atlantic Maritime Highlands;Central Adirondacks;7,9;2,8;;48,9;47,64;341,19;515,77;664,2;612,73;735,78;21,19;2020-02-06 09:36:22
1A1-059;LTM_ALTM;43,76605;-74,62837;43,76758;-74,61935;Sagamore Lake;15468635;15469567;Hamilton;New York;5;5,3;5.3.1;58aa;Northern Forests;Atlantic Highlands;Northern Appalachian And Atlantic Maritime Highlands;Acid Sensitive Adirondacks;22,9;10,5;;68;65,13;4832,91;580,39;721,31;579,82;1147,23;13,33;2020-02-06 09:36:22
1A1-071;LTM_ALTM;44,4391;-74,2939;44,43786;-74,29351;Black Pond;15457286;15458654;Franklin;New York;5;5,3;5.3.1;58ad;Northern Forests;Atlantic Highlands;Northern Appalachian And Atlantic Maritime Highlands;Central Adirondacks;13,7;6,2;;29;34,18;249,39;494,97;522,18;494,91;687,45;13,2;2020-02-06 09:36:22
1A1-089;LTM_ALTM;43,80543;-74,8023;43,81053;-74,79951;Queer Lake;15509754;15511260;Hamilton;New York;5;5,3;5.3.1;58aa;Northern Forests;Atlantic Highlands;Northern Appalachian And Atlantic Maritime Highlands;Acid Sensitive Adirondacks;21,3;10,9;;54,5;56,19;349,65;597,14;632,43;596,97;731,93;13,68;2020-02-06 09:36:22
1A1-102;LTM_ALTM;44,1805;-73,96726;44,18229;-73,9692;Heart Lake;9527711;9528181;Essex;New York;5;5,3;5.3.1;58z;Northern Forests;Atlantic Highlands;Northern Appalachian And Atlantic Maritime Highlands;Adirondack High Peaks;16,8;5,1;;10,7;9,52;67,86;659,88;694,91;659,72;862,74;19,46;2020-02-06 09:36:22
1A1-103;LTM_ALTM;43,81687;-74,85611;43,83221;-74,84646;Big Moose Lake;15509692;15511246;Herkimer;New York;5;5,3;5.3.1;58aa;Northern Forests;Atlantic Highlands;Northern Appalachian And Atlantic Maritime Highlands;Acid Sensitive Adirondacks;21,3;6,8;;512,5;506,86;9656,01;557,24;649,22;574,95;889,73;13,47;2020-02-06 09:36:22
1A1-105;LTM_ALTM;43,7891;-74,81204;43,79039;-74,80236;Cascade Lake;15509800;15511266;Hamilton;New York;5;5,3;5.3.1;58aa;Northern Forests;Atlantic Highlands;Northern Appalachian And Atlantic Maritime Highlands;Acid Sensitive Adirondacks;6,1;4,2;;40,4;40,3;490,32;556,83;610,07;555,96;758,67;18,98;2020-02-06 09:36:22
1A1-106;LTM_ALTM;43,79376;-74,87257;43,79548;-74,86409;Dart Lake;15509780;15511268;Herkimer;New York;5;5,3;5.3.1;58aa;Northern Forests;Atlantic Highlands;Northern Appalachian And Atlantic Maritime Highlands;Acid Sensitive Adirondacks;17,7;7,3;;51,8;55,39;11247,48;536,49;647,2;574,95;889,73;13,59;2020-02-06 09:36:22
1A1-107;LTM_ALTM;44,30576;-74,35721;44,30849;-74,35564;Little Echo Pond;9523559;9524879;Franklin;New York;5;5,3;5.3.1;58ad;Northern Forests;Atlantic Highlands;Northern Appalachian And Atlantic Maritime Highlands;Central Adirondacks;4,6;2,9;;0,8;7,39;7,02;481,99;483,1;481,08;490,23;1,39;2020-02-06 09:36:22
1A1-109;LTM_ALTM;43,7814;-74,85299;43,78483;-74,85047;Moss Lake;15509810;15511270;Herkimer;New York;5;5,3;5.3.1;58aa;Northern Forests;Atlantic Highlands;Northern Appalachian And Atlantic Maritime Highlands;Acid Sensitive Adirondacks;15,2;5,7;;45,7;47,28;1238,49;537,77;605,4;540,82;758,67;16,42;2020-02-06 09:36:22
1A1-110;LTM_ALTM;43,76088;-74,91592;43,76697;-74,90136;Lake Rondaxe;15509818;15511346;Herkimer;New York;5;5,3;5.3.1;58aa;Northern Forests;Atlantic Highlands;Northern Appalachian And Atlantic Maritime Highlands;Acid Sensitive Adirondacks;10,1;3;;90,5;94,51;14559,12;524,87;639,18;540,82;889,73;14,1;2020-02-06 09:36:22
1A1-111;LTM_ALTM;43,82557;-74,88614;43,82649;-74,88699;Squash Pond;17828204,58;15511264;Herkimer;New York;5;5,3;5.3.1;58aa;Northern Forests;Atlantic Highlands;Northern Appalachian And Atlantic Maritime Highlands;Acid Sensitive Adirondacks;5,8;1,4;;3,3;4,94;100,44;652,64;677,8;652,46;758,89;13,9;2020-02-06 09:36:22
1A1-112;LTM_ALTM;43,81189;-74,88296;43,81102;-74,87937;West Pond;15509760;15511620;Herkimer;New York;5;5,3;5.3.1;58aa;Northern Forests;Atlantic Highlands;Northern Appalachian And Atlantic Maritime Highlands;Acid Sensitive Adirondacks;5,2;1,5;;10,4;9,9;103,59;581,38;595,01;580,77;664,69;9,94;2020-02-06 09:36:22
1A2-028;LTM_ALTM;44,32327;-73,90304;44,32156;-73,90114;Owen Pond;9527619;9528301;Essex;New York;5;5,3;5.3.1;58z;Northern Forests;Atlantic Highlands;Northern Appalachian And Atlantic Maritime Highlands;Adirondack High Peaks;9,4;3,7;;7,6;7,75;1151,28;515,18;739,18;513,9;1170,83;31,32;2020-02-06 09:36:22
1A2-066;LTM_ALTM;43,30203;-74,58581;43,3033;-74,59362;Jockeybush Lake;22295224;22297650;Hamilton;New York;5;5,3;5.3.1;58aa;Northern Forests;Atlantic Highlands;Northern Appalachian And Atlantic Maritime Highlands;Acid Sensitive Adirondacks;11,3;4,5;;17,3;17,81;134,82;598,53;643,2;597,49;758,08;19,2;2020-02-06 09:36:22
1A2-076;LTM_ALTM;43,56626;-75,22701;43,56611;-75,22694;Barnes Lake;15512302;15514484;Lewis;New York;5;5,3;5.3.1;58ab;Northern Forests;Atlantic Highlands;Northern Appalachian And Atlantic Maritime Highlands;Northern and Western Adirondack Foothills;10,1;4,5;;2,9;3,59;1054,806667;394,92;724,9412209;570,6798256;914,109186;15,16510918;2020-02-06 09:36:22
1A2-077;LTM_ALTM;43,99568;-73,83082;43,99719;-73,82435;Clear Pond;22303643;22304131;Essex;New York;5;5,3;5.3.1;58z;Northern Forests;Atlantic Highlands;Northern Appalachian And Atlantic Maritime Highlands;Adirondack High Peaks;24,4;9,2;;70,4;46,97;548,73;583,05;681,25;580,27;1096,5;17,89;2020-02-06 09:36:22
1A2-078;LTM_ALTM;43,18805;-74,5;43,18837;-74,49935;Otter Lake;22739253;22741383;Fulton;New York;5;5,3;5.3.1;58aa;Northern Forests;Atlantic Highlands;Northern Appalachian And Atlantic Maritime Highlands;Acid Sensitive Adirondacks;4;4,363157895;;16,2;16,16;337,77;504,9;572,98;503,88;662,1;15,85;2020-02-06 09:36:22
1A3-001;LTM_ALTM;43,8589;-74,09377;43,85752;-74,09038;Nate Pond;22305153;22306793;Essex;New York;5;5,3;5.3.1;58ad;Northern Forests;Atlantic Highlands;Northern Appalachian And Atlantic Maritime Highlands;Central Adirondacks;6,4;2,3;;8,3;8,69;100,35;612,47;642,93;611,76;744,75;12,31;2020-02-06 09:36:22
1A3-048;LTM_ALTM;43,69066;-75,06462;43,69207;-75,06172;Grass Pond;15512150;15515396;Herkimer;New York;5;5,3;5.3.1;58aa;Northern Forests;Atlantic Highlands;Northern Appalachian And Atlantic Maritime Highlands;Acid Sensitive Adirondacks;5,2;1,5;;5,3;6,02;1054,806667;548,67;724,9412209;570,6798256;914,109186;15,16510918;2020-02-06 09:36:22
1A3-065;LTM_ME;43,50877;-74,88168;43,51165;-74,88815;South Lake (East Branch);15510202;15511546;Herkimer;New York;5;5,3;5.3.1;58aa;Northern Forests;Atlantic Highlands;Northern Appalachian And Atlantic Maritime Highlands;Acid Sensitive Adirondacks;18,3;8,3;;197,4;199,29;1630,62;617,46;678,09;609,27;799,45;13,42;2020-02-06 09:36:22
1A3-065;LTM_ALTM;43,50877;-74,88168;43,51165;-74,88815;South Lake (East Branch);15510202;15511546;Herkimer;New York;5;5,3;5.3.1;58aa;Northern Forests;Atlantic Highlands;Northern Appalachian And Atlantic Maritime Highlands;Acid Sensitive Adirondacks;18,3;8,3;;197,4;199,29;1630,62;617,46;678,09;609,27;799,45;13,42;2020-02-06 09:36:22
1C1-078;LTM_ME;45,1272;-69,9781;45,12705;-69,97864;Bean Pond;3318130;3319290;Somerset;Maine;5;5,3;5.3.1;58m;Northern Forests;Atlantic Highlands;Northern Appalachian And Atlantic Maritime Highlands;Quebec/New England Boundary Mountains;9;4,363157895;;12,4;14,62;140,49;383,12;404,68;380,87;444,77;10,05;2020-02-06 09:36:22
1C1-089;LTM_VT;43,1055;-73,0028;43,10621;-73,0022;Bourn;22287811;22287551;Bennington;Vermont;5;5,3;5.3.1;58j;Northern Forests;Atlantic Highlands;Northern Appalachian And Atlantic Maritime Highlands;Upper Montane/Alpine Zone;8,1;4,363157895;;22,4;18,15;114,12;778,35;790,36;766,1;818,45;6,07;2020-02-06 09:36:22
1C1-090;LTM_VT;43,0455;-72,9458;43,04327;-72,94499;Grout Pond;10293566;10293596;Windham;Vermont;5;5,3;5.3.1;58c;Northern Forests;Atlantic Highlands;Northern Appalachian And Atlantic Maritime Highlands;Green Mountains/Berkshire Highlands;10;4,363157895;;32,9;31,93;158,49;681,8;699,14;679,85;750,68;9,63;2020-02-06 09:36:22
1C1-091;LTM_VT;44,468;-72,5;44,46789;-72,49943;Hardwood Pond;4576988;4578188;Lamoille;Vermont;5;5,3;5.3.1;58c;Northern Forests;Atlantic Highlands;Northern Appalachian And Atlantic Maritime Highlands;Green Mountains/Berkshire Highlands;4,5;4,363157895;;19;18,92;66,69;478,34;492,36;477,22;542,56;8,97;2020-02-06 09:36:22
1C1-093;LTM_VT;42,925;-73,0653;42,9252;-73,06483;Little Pond;10295428;10295758;Bennington;Vermont;5;5,3;5.3.1;58j;Northern Forests;Atlantic Highlands;Northern Appalachian And Atlantic Maritime Highlands;Upper Montane/Alpine Zone;8,5;3,1;;7,1;6,81;143,37;793,01;871,39;791,3;1014,1;17,52;2020-02-06 09:36:22
1C1-095;LTM_VT;42,8222;-73,0653;42,82242;-73,06511;Stamford Pond;10295504;10295672;Bennington;Vermont;5;5,3;5.3.1;58c;Northern Forests;Atlantic Highlands;Northern Appalachian And Atlantic Maritime Highlands;Green Mountains/Berkshire Highlands;4;4,363157895;;3,6;4,49;102,96;720,78;800,06;720,77;934,68;25,53;2020-02-06 09:36:22
1C1-097;LTM_VT;42,9194;-72,6833;42,91812;-72,68345;Sunset Lake;10103454;10103956;Windham;Vermont;5;5,3;5.3.1;58c;Northern Forests;Atlantic Highlands;Northern Appalachian And Atlantic Maritime Highlands;Green Mountains/Berkshire Highlands;12,1;4,363157895;;37,7;40,66;217,08;418,96;447,11;418,14;519,49;12,2;2020-02-06 09:36:22
1C1-100;LTM_VT;43,3139;-72,9305;43,31449;-72,93087;Big Mud;22221867;22222065;Rutland;Vermont;5;5,3;5.3.1;58j;Northern Forests;Atlantic Highlands;Northern Appalachian And Atlantic Maritime Highlands;Upper Montane/Alpine Zone;1,5;4,363157895;;6,1;5,62;106,38;789,01;835,33;789,01;960,69;10,36;2020-02-06 09:36:22
1C1-101;LTM_VT;43,0811;-73,0186;43,08086;-73,01921;Branch Pond;22287839;22288529;Bennington;Vermont;5;5,3;5.3.1;58j;Northern Forests;Atlantic Highlands;Northern Appalachian And Atlantic Maritime Highlands;Upper Montane/Alpine Zone;10,4;4,363157895;;17,2;20,12;179,19;802,1;821,33;798,54;938,68;6,76;2020-02-06 09:36:22
1C1-107;LTM_VT;45,0056;-71,9417;45,00488;-71,94146;Beaver Pond;4598991;4599053;Orleans;Vermont;5;5,3;5.3.1;58l;Northern Forests;Atlantic Highlands;Northern Appalachian And Atlantic Maritime Highlands;Northern Piedmont;25,2;4,363157895;;18,2;17,72;249,57;465,82;519,87;461,35;720;15,39;2020-02-06 09:36:23
1C1-110;LTM_VT;42,9167;-72,9167;42,91792;-72,91662;Haystack Pond;10294104;10295292;Windham;Vermont;5;5,3;5.3.1;58j;Northern Forests;Atlantic Highlands;Northern Appalachian And Atlantic Maritime Highlands;Upper Montane/Alpine Zone;12;4,363157895;;10,8;12,17;56,7;907,89;930,75;842,18;1049,39;20,29;2020-02-06 09:36:23
1C1-112;LTM_VT;42,7856;-72,9875;42,78435;-72,98613;Howe Pond;10294146;10295192;Bennington;Vermont;5;5,3;5.3.1;58c;Northern Forests;Atlantic Highlands;Northern Appalachian And Atlantic Maritime Highlands;Green Mountains/Berkshire Highlands;9,4;4,363157895;;20,9;21,56;777,96;590,87;691,11;588,93;836,34;13,97;2020-02-06 09:36:23
1C3-076;LTM_VT;43,0817;-72,868;43,08139;-72,86742;Forester Pond;10102028;10102896;Windham;Vermont;5;5,3;5.3.1;58c;Northern Forests;Atlantic Highlands;Northern Appalachian And Atlantic Maritime Highlands;Green Mountains/Berkshire Highlands;1,6;4,363157895;;3,2;3,78;31,68;531,9;564,01;531,88;661,47;14,19;2020-02-06 09:36:23
1E1-060;LTM_ME;44,9625;-68,1222;44,96195;-68,12234;Bracey Pond;2678830;2681554;Hancock;Maine;8;8,1;8.1.8;82c;Eastern Temperate Forests;Mixed Wood Plains;Acadian Plains And Hills;Eastern Maine-Southern New Brunswick Plains;9;4,363157895;;7,8;7,2;91,26;117,23;129,58;114,11;165,36;4,75;2020-02-06 09:36:23
1E1-131;LTM_ME;44,6475;-68,0592;44,64714;-68,05924;Anderson Pond;2679082;2679984;Hancock;Maine;8;8,1;8.1.8;82c;Eastern Temperate Forests;Mixed Wood Plains;Acadian Plains And Hills;Eastern Maine-Southern New Brunswick Plains;6;4,363157895;;4,8;5,44;48,42;69,91;122,42;69,76;215,99;19,65;2020-02-06 09:36:23
1E1-132;LTM_ME;44,6375;-68,0781;44,63768;-68,07746;Little Long Pond;2679090;2681162;Hancock;Maine;8;8,1;8.1.8;82c;Eastern Temperate Forests;Mixed Wood Plains;Acadian Plains And Hills;Eastern Maine-Southern New Brunswick Plains;25;4,363157895;;24,7;25,22;216,72;69,91;148,81;69,9;348,55;24,79;2020-02-06 09:36:23
1E1-133;LTM_ME;44,6347;-68,0722;44,63503;-68,07215;Tilden Pond;2679094;2681596;Hancock;Maine;8;8,1;8.1.8;82c;Eastern Temperate Forests;Mixed Wood Plains;Acadian Plains And Hills;Eastern Maine-Southern New Brunswick Plains;9;4,363157895;;15,4;16,03;71,1;69,91;87,69;69,91;144,38;8,73;2020-02-06 09:36:23
1E1-134;LTM_ME;44,633;-68,0908;44,63384;-68,08853;Mud Pond;2679098;2681600;Hancock;Maine;8;8,1;8.1.8;82c;Eastern Temperate Forests;Mixed Wood Plains;Acadian Plains And Hills;Eastern Maine-Southern New Brunswick Plains;15;4,363157895;;1,6;1,87;62,19;128,82;185,2;88,2;348,55;26,48;2020-02-06 09:36:23
1E1-135;LTM_ME;44,6314;-68,0861;44,63278;-68,08488;Salmon Pond;2679102;2681202;Hancock;Maine;8;8,1;8.1.8;82c;Eastern Temperate Forests;Mixed Wood Plains;Acadian Plains And Hills;Eastern Maine-Southern New Brunswick Plains;10;4,363157895;;2,6;2,65;14,85;101,58;104,98;87,65;146,22;14,26;2020-02-06 09:36:23
1E2-060;LTM_ME;46,0011;-68,5406;46,00125;-68,53955;Wiley Pond;166181687;1509;Penobscot;Maine;8;8,1;8.1.8;82b;Eastern Temperate Forests;Mixed Wood Plains;Acadian Plains And Hills;Aroostook Hills;6;4,363157895;;11,4;11,06;316,17;236,42;253,95;236,2;292,15;4,8;2020-02-06 09:36:23
020265;LTM_ALTM;44,15886;-73,9514;44,1579;-73,95211;Marcy Dam Pond;17828204,58;9528203;Essex;New York;5;5,3;5.3.1;58z;Northern Forests;Atlantic Highlands;Northern Appalachian And Atlantic Maritime Highlands;Adirondack High Peaks;2,4;0,7;;1,2;1,25;1168,11;718,97;1068,29;716,32;1553,66;35,15;2020-02-06 09:36:22
040186;LTM_ALTM;43,9636;-75,04253;43,96292;-75,04305;Loon Hollow Pond;15494526;15495440;Herkimer;New York;5;5,3;5.3.1;58aa;Northern Forests;Atlantic Highlands;Northern Appalachian And Atlantic Maritime Highlands;Acid Sensitive Adirondacks;11,6;3,4;;5,7;6,51;60,39;604,97;624,64;604,78;661,02;10,9;2020-02-06 09:36:22
1A1-087;LTM_ALTM;43,80497;-74,83077;43,80529;-74,8289;Windfall Pond;17828204,58;15510432;Herkimer;New York;5;5,3;5.3.1;58aa;Northern Forests;Atlantic Highlands;Northern Appalachian And Atlantic Maritime Highlands;Acid Sensitive Adirondacks;6,1;3,2;;2,4;2,06;38,79;591,8;651,56;604,76;721,81;20,7;2020-02-06 09:36:22
BNR;LTM_PA;40,9344;-78,0228;43,99265714;-73,24251274;Benner Creek;4673007;4673007;Centre;Pennsylvania;8;8;8.4;69a;Eastern Temperate Forests;Ozark/Ouachita-Appalachian Forests;Central Appalachians;Forested Hills and Mountains;10,43333333;4,363157895;;34,77619048;34,89214286;1054,806667;585,48;677,09;578,08;748,33;9;
DR01;VTSSS;38,2796;-78,7639;43,99265714;-73,24251274;Deep Run;5908591;5908591;Rockingham;Virginia;8;8;8.4;67a;Eastern Temperate Forests;Ozark/Ouachita-Appalachian Forests;Ridge And Valley;Northern Limestone/Dolomite Valleys;10,43333333;4,363157895;;34,77619048;34,89214286;1054,806667;411,58;609,55;412,62;889,54;20,74;
LNN;LTM_PA;40,144;-79,2103;43,99265714;-73,24251274;Linn Creek;4582798;4582798;Westmoreland;Pennsylvania;8;8;8.4;69a;Eastern Temperate Forests;Ozark/Ouachita-Appalachian Forests;Central Appalachians;Forested Hills and Mountains;10,43333333;4,363157895;;34,77619048;34,89214286;1054,806667;655,44;800,55;611,87;912,27;10;
M002;VTSSS;36,9731;-81,7848;43,99265714;-73,24251274;Laurel Bed Creek;19761954;19761954;Tazewell;Virginia;8;8;8.4;67h;Eastern Temperate Forests;Ozark/Ouachita-Appalachian Forests;Ridge And Valley;Southern Sandstone Ridges;10,43333333;4,363157895;;34,77619048;34,89214286;1054,806667;553,32;1157,82;1093,22;1222,21;8,39;
M003;VTSSS;36,9541;-81,8135;43,99265714;-73,24251274;Laurel Bed Lake (Outlet);19761298;19761298;Russell;Virginia;8;8;8.4;67h;Eastern Temperate Forests;Ozark/Ouachita-Appalachian Forests;Ridge And Valley;Southern Sandstone Ridges;10,43333333;4,363157895;;34,77619048;34,89214286;1054,806667;1076,89;1139,2;1072,18;1319,57;8,97;
M004;VTSSS;36,9279;-81,8402;43,99265714;-73,24251274;Red Creek;19761346;19761346;Russell;Virginia;8;8;8.4;67h;Eastern Temperate Forests;Ozark/Ouachita-Appalachian Forests;Ridge And Valley;Southern Sandstone Ridges;10,43333333;4,363157895;;34,77619048;34,89214286;1054,806667;774,49;1213,47;756,91;1428,39;17,27;
MAD2;VTSSS;38,2515;-78,7471;43,99265714;-73,24251274;Madison Run (Upper);5908595;5908595;Rockingham;Virginia;8;8;8.4;66b;Eastern Temperate Forests;Ozark/Ouachita-Appalachian Forests;Blue Ridge;Northern Sedimentary and Metasedimentary Ridges;10,43333333;4,363157895;;34,77619048;34,89214286;1054,806667;448,43;661,76;455,05;877,91;17,86;
ME-0441;LTM_ME;44,7028;-68,5833;44,70727;-68,5837;Second Pond;2679016;2679852;Hancock;Maine;8;8,1;8.1.8;82c;Eastern Temperate Forests;Mixed Wood Plains;Acadian Plains And Hills;Eastern Maine-Southern New Brunswick Plains;13;4,363157895;;27;22,88;294,03;128,97;163,37;125,09;258,08;15,45;2020-02-06 09:36:25
ME-2068;LTM_ME;45,8378;-68,9322;45,83928;-68,92699;Abol Pond;1699306;1700386;Piscataquis;Maine;5;5,3;5.3.1;58m;Northern Forests;Atlantic Highlands;Northern Appalachian And Atlantic Maritime Highlands;Quebec/New England Boundary Mountains;10;4,363157895;;36;32,4;1183,95;181,3;358,24;180,1;833,79;14,09;2020-02-06 09:36:25
ME-4474;LTM_ME;44,7861;-68,1819;44,78571;-68,18056;Duck Pond;17828204,58;2680758;Hancock;Maine;8;8,1;8.1.8;82c;Eastern Temperate Forests;Mixed Wood Plains;Acadian Plains And Hills;Eastern Maine-Southern New Brunswick Plains;3;4,363157895;;2;4,05;5538,24;83,4;107,38;79,72;210,99;5,05;2020-02-06 09:36:25
ME-4575;LTM_ME;44,8119;-68,4297;44,81205;-68,42898;Jellison Hl Pd;2678948;2681058;Hancock;Maine;8;8,1;8.1.8;82c;Eastern Temperate Forests;Mixed Wood Plains;Acadian Plains And Hills;Eastern Maine-Southern New Brunswick Plains;17;4,363157895;;18;14,02;223,02;122,91;170,39;122,9;280,66;14,95;2020-02-06 09:36:25
ME-4778;LTM_ME;45,0308;-68,1931;45,03113;-68,19167;Crystal Pond;2674768;2675316;Hancock;Maine;8;8,1;8.1.8;82c;Eastern Temperate Forests;Mixed Wood Plains;Acadian Plains And Hills;Eastern Maine-Southern New Brunswick Plains;9;4,363157895;;10;7,58;31,68;112,91;119,83;112,88;132,46;7,44;2020-02-06 09:36:25
ME-9998;LTM_ME;44,3364;-69,2711;44,33446;-69,27064;Newbert Pond;5202046;5204296;Knox;Maine;8;8,1;8.1.8;82e;Eastern Temperate Forests;Mixed Wood Plains;Acadian Plains And Hills;Central Maine Embayment;4;4,363157895;;13;13,39;1054,806667;89,17;724,9412209;570,6798256;914,109186;15,16510918;2020-02-06 09:36:25
ME-9999;LTM_ME;44,8605;-68,4037;44,86053;-68,40404;Partridge Pond;2678918;2681576;Hancock;Maine;8;8,1;8.1.8;82c;Eastern Temperate Forests;Mixed Wood Plains;Acadian Plains And Hills;Eastern Maine-Southern New Brunswick Plains;7;4,363157895;;9;11,03;144,36;176,91;208,65;176,9;273,85;13,94;2020-02-06 09:36:25
NFDR;VTSSS;38,6337;-78,3577;43,99265714;-73,24251274;North Fork Of Dry Run;17828204,58;5906843;Page;Virginia;8;8;8.4;66a;Eastern Temperate Forests;Ozark/Ouachita-Appalachian Forests;Blue Ridge;Northern Igneous Ridges;10,43333333;4,363157895;;34,77619048;34,89214286;1054,806667;486,81;762,25;486,81;1034,34;22,29;
PAIN;VTSSS;38,1986;-78,7934;43,99265714;-73,24251274;Paine Run;5908397;5908397;Augusta;Virginia;8;8;8.4;66b;Eastern Temperate Forests;Ozark/Ouachita-Appalachian Forests;Blue Ridge;Northern Sedimentary and Metasedimentary Ridges;10,43333333;4,363157895;;34,77619048;34,89214286;1054,806667;427,42;640,26;425,51;1022,72;22,08;
PINE;VTSSS;38,7018;-78,2678;43,99265714;-73,24251274;Piney River (Upper);8466037;8466037;Rappahannock;Virginia;8;8;8.4;66a;Eastern Temperate Forests;Ozark/Ouachita-Appalachian Forests;Blue Ridge;Northern Igneous Ridges;10,43333333;4,363157895;;34,77619048;34,89214286;1054,806667;364,18;692,7;364,82;1056,33;14,62;
RBS;LTM_PA;41,17;-78,4061;43,99265714;-73,24251274;Roberts Creek;4671711;4671711;Clearfield;Pennsylvania;5;5;5.3;62d;Northern Forests;Atlantic Highlands;North Central Appalachians;Unglaciated High Allegheny Plateau;10,43333333;4,363157895;;34,77619048;34,89214286;1054,806667;512,24;634,61;512,15;729,42;5;
SK01;VTSSS;38,3415;-79,6138;43,99265714;-73,24251274;Ravens Run;17828204,58;8520499;Highland;Virginia;8;8;8.4;67c;Eastern Temperate Forests;Ozark/Ouachita-Appalachian Forests;Ridge And Valley;Northern Sandstone Ridges;10,43333333;4,363157895;;34,77619048;34,89214286;1054,806667;936,84;1074,64;936,84;1208,18;23,66;
STAN;VTSSS;38,4446;-78,3708;43,99265714;-73,24251274;Staunton River;8468285;8468285;Madison;Virginia;8;8;8.4;66a;Eastern Temperate Forests;Ozark/Ouachita-Appalachian Forests;Blue Ridge;Northern Igneous Ridges;10,43333333;4,363157895;;34,77619048;34,89214286;1054,806667;307,12;750,91;307,12;1171,34;19,4;
STN;LTM_PA;41,0978;-78,4467;43,99265714;-73,24251274;Stone Creek;4671983;4671983;Clearfield;Pennsylvania;5;5;5.3;62d;Northern Forests;Atlantic Highlands;North Central Appalachians;Unglaciated High Allegheny Plateau;10,43333333;4,363157895;;34,77619048;34,89214286;1054,806667;495,95;640,14;483,9;699,52;6;
VT01;VTSSS;36,643;-81,5707;43,99265714;-73,24251274;Helton Creek;6889400;6889400;Grayson;Virginia;8;8;8.4;66d;Eastern Temperate Forests;Ozark/Ouachita-Appalachian Forests;Blue Ridge;Southern Crystalline Ridges and Mountains;10,43333333;4,363157895;;34,77619048;34,89214286;1054,806667;1218,77;1423,32;1218,77;1725,23;14,9;
VT02;VTSSS;36,6893;-81,519;43,99265714;-73,24251274;Lewis Fork;6888926;6888926;Grayson;Virginia;8;8;8.4;66d;Eastern Temperate Forests;Ozark/Ouachita-Appalachian Forests;Blue Ridge;Southern Crystalline Ridges and Mountains;10,43333333;4,363157895;;34,77619048;34,89214286;1054,806667;1110,09;1404,88;1106,94;1736,39;15,23;
VT03;VTSSS;36,6963;-81,5249;43,99265714;-73,24251274;Fox Creek;6888828;6888828;Grayson;Virginia;8;8;8.4;66d;Eastern Temperate Forests;Ozark/Ouachita-Appalachian Forests;Blue Ridge;Southern Crystalline Ridges and Mountains;10,43333333;4,363157895;;34,77619048;34,89214286;1054,806667;1120,61;1251,04;1113,4;1355,22;14,67;
VT04;VTSSS;36,6367;-81,4715;43,99265714;-73,24251274;Little Wilson Creek;6890316;6890316;Grayson;Virginia;8;8;8.4;66d;Eastern Temperate Forests;Ozark/Ouachita-Appalachian Forests;Blue Ridge;Southern Crystalline Ridges and Mountains;10,43333333;4,363157895;;34,77619048;34,89214286;1054,806667;1069,43;1422,76;1311,84;1502,68;10,31;
VT05;VTSSS;36,7462;-81,4257;43,99265714;-73,24251274;Raccoon Branch (Lower);19751299;19751299;Smyth;Virginia;8;8;8.4;66e;Eastern Temperate Forests;Ozark/Ouachita-Appalachian Forests;Blue Ridge;Southern Sedimentary Ridges;10,43333333;4,363157895;;34,77619048;34,89214286;1054,806667;849,65;1005,94;836,38;1185,31;18,45;
VT06;VTSSS;36,7356;-81,5632;43,99265714;-73,24251274;Rowland Creek (Lower);19751373;19751373;Smyth;Virginia;8;8;8.4;66e;Eastern Temperate Forests;Ozark/Ouachita-Appalachian Forests;Blue Ridge;Southern Sedimentary Ridges;10,43333333;4,363157895;;34,77619048;34,89214286;1054,806667;787,8;1117,49;787,8;1413,46;20,68;
VT07;VTSSS;37,0531;-81,4348;43,99265714;-73,24251274;Cove Branch;19760910;19760910;Tazewell;Virginia;8;8;8.4;67h;Eastern Temperate Forests;Ozark/Ouachita-Appalachian Forests;Ridge And Valley;Southern Sandstone Ridges;10,43333333;4,363157895;;34,77619048;34,89214286;1054,806667;928,05;1255,18;934,87;1427,45;15,8;
VT08;VTSSS;37,0532;-81,4344;43,99265714;-73,24251274;Roaring Fork (Upper);19760892;19760892;Tazewell;Virginia;8;8;8.4;67h;Eastern Temperate Forests;Ozark/Ouachita-Appalachian Forests;Ridge And Valley;Southern Sandstone Ridges;10,43333333;4,363157895;;34,77619048;34,89214286;1054,806667;930,52;1182,18;932,43;1432,37;14,53;
VT09;VTSSS;37,0353;-81,4805;43,99265714;-73,24251274;Roaring Fork (Lower);19760926;19760926;Tazewell;Virginia;8;8;8.4;67h;Eastern Temperate Forests;Ozark/Ouachita-Appalachian Forests;Ridge And Valley;Southern Sandstone Ridges;10,43333333;4,363157895;;34,77619048;34,89214286;1054,806667;668,62;1172,49;834,56;1432,37;14,39;
VT10;VTSSS;38,1653;-79,6709;43,99265714;-73,24251274;Laurel Run;17828204,58;8520547;Bath;Virginia;8;8;8.4;67c;Eastern Temperate Forests;Ozark/Ouachita-Appalachian Forests;Ridge And Valley;Northern Sandstone Ridges;10,43333333;4,363157895;;34,77619048;34,89214286;1054,806667;741,57;923,3;739,92;1139,84;15,72;
VT11;VTSSS;38,0196;-79,761;43,99265714;-73,24251274;Mare Run;8520759;8520759;Bath;Virginia;8;8;8.4;67c;Eastern Temperate Forests;Ozark/Ouachita-Appalachian Forests;Ridge And Valley;Northern Sandstone Ridges;10,43333333;4,363157895;;34,77619048;34,89214286;1054,806667;621,39;921,8;631,18;1102,59;16,81;
VT12;VTSSS;38,0192;-79,7607;43,99265714;-73,24251274;Panther Run;17828204,58;8520759;Bath;Virginia;8;8;8.4;67c;Eastern Temperate Forests;Ozark/Ouachita-Appalachian Forests;Ridge And Valley;Northern Sandstone Ridges;10,43333333;4,363157895;;34,77619048;34,89214286;1054,806667;621,31;859,41;637,5;1076,78;17,72;
VT14;VTSSS;37,9824;-79,766;43,99265714;-73,24251274;Little Wilson Creek;8521235;8521235;Bath;Virginia;8;8;8.4;67b;Eastern Temperate Forests;Ozark/Ouachita-Appalachian Forests;Ridge And Valley;Northern Shale Valleys;10,43333333;4,363157895;;34,77619048;34,89214286;1054,806667;571,57;844,68;573,96;1137,29;15,96;
VT15;VTSSS;37,9744;-79,7716;43,99265714;-73,24251274;Porters Mill Creek;8521275;8521275;Bath;Virginia;8;8;8.4;67b;Eastern Temperate Forests;Ozark/Ouachita-Appalachian Forests;Ridge And Valley;Northern Shale Valleys;10,43333333;4,363157895;;34,77619048;34,89214286;1054,806667;604,23;820,86;604,33;1172,09;16,05;
VT16;VTSSS;37,8202;-79,6716;43,99265714;-73,24251274;North Branch Of Simpson Creek;8521989;8521989;Alleghany;Virginia;8;8;8.4;67b;Eastern Temperate Forests;Ozark/Ouachita-Appalachian Forests;Ridge And Valley;Northern Shale Valleys;10,43333333;4,363157895;;34,77619048;34,89214286;1054,806667;426,73;759,18;425,93;1069,81;20,31;
VT18;VTSSS;38,5349;-79,6347;43,99265714;-73,24251274;Bearwallow Run;8423144;8423144;Highland;Virginia;8;8;8.4;67d;Eastern Temperate Forests;Ozark/Ouachita-Appalachian Forests;Ridge And Valley;Northern Dissected Ridges and Knobs;10,43333333;4,363157895;;34,77619048;34,89214286;1054,806667;957,66;1094,15;961,31;1190,64;13,66;
VT19;VTSSS;38,5367;-79,6335;43,99265714;-73,24251274;Lost Run;17828204,58;8423532;Highland;Virginia;8;8;8.4;67d;Eastern Temperate Forests;Ozark/Ouachita-Appalachian Forests;Ridge And Valley;Northern Dissected Ridges and Knobs;10,43333333;4,363157895;;34,77619048;34,89214286;1054,806667;955,79;1126,58;961,76;1233,29;14,56;
VT22;VTSSS;37,5293;-79,5526;43,99265714;-73,24251274;Cornelius Creek;8523217;8523217;Botetourt;Virginia;8;8;8.4;66a;Eastern Temperate Forests;Ozark/Ouachita-Appalachian Forests;Blue Ridge;Northern Igneous Ridges;10,43333333;4,363157895;;34,77619048;34,89214286;1054,806667;450,39;799,46;450,39;1084;21,68;
VT23;VTSSS;37,4702;-79,5933;43,99265714;-73,24251274;Fallingwater Creek (Upper);8526123;8526123;Botetourt;Virginia;8;8;8.4;66a;Eastern Temperate Forests;Ozark/Ouachita-Appalachian Forests;Blue Ridge;Northern Igneous Ridges;10,43333333;4,363157895;;34,77619048;34,89214286;1054,806667;531,59;793,33;527,89;1199,52;18,52;
VT24;VTSSS;37,6153;-80,1776;43,99265714;-73,24251274;Shawvers Run;8524899;8524899;Craig;Virginia;8;8;8.4;67h;Eastern Temperate Forests;Ozark/Ouachita-Appalachian Forests;Ridge And Valley;Southern Sandstone Ridges;10,43333333;4,363157895;;34,77619048;34,89214286;1054,806667;560,86;792,34;560,86;1159,21;15,55;
VT25;VTSSS;37,5738;-80,1276;43,99265714;-73,24251274;Cove Branch;8525049;8525049;Craig;Virginia;8;8;8.4;67g;Eastern Temperate Forests;Ozark/Ouachita-Appalachian Forests;Ridge And Valley;Southern Shale Valleys;10,43333333;4,363157895;;34,77619048;34,89214286;1054,806667;561,05;920,68;561,03;1161,34;13,47;
VT26;VTSSS;37,4215;-80,6049;43,99265714;-73,24251274;Pine Swamp Branch;6907447;6907447;Giles;Virginia;8;8;8.4;67h;Eastern Temperate Forests;Ozark/Ouachita-Appalachian Forests;Ridge And Valley;Southern Sandstone Ridges;10,43333333;4,363157895;;34,77619048;34,89214286;1054,806667;725,1;1015,71;725,1;1200;16,01;
VT28;VTSSS;37,438;-80,5615;43,99265714;-73,24251274;North Fork Of Stony Creek (Lower);6907409;6907409;Giles;Virginia;8;8;8.4;67h;Eastern Temperate Forests;Ozark/Ouachita-Appalachian Forests;Ridge And Valley;Southern Sandstone Ridges;10,43333333;4,363157895;;34,77619048;34,89214286;1054,806667;835,79;1020,91;832,58;1239,06;12,72;
VT29;VTSSS;37,3972;-80,4745;43,99265714;-73,24251274;War Spur Branch (Upper);8526913;8526913;Giles;Virginia;8;8;8.4;67h;Eastern Temperate Forests;Ozark/Ouachita-Appalachian Forests;Ridge And Valley;Southern Sandstone Ridges;10,43333333;4,363157895;;34,77619048;34,89214286;1054,806667;716,55;1043,6;713,41;1229,82;13,53;
VT31;VTSSS;37,2396;-80,9189;43,99265714;-73,24251274;Nobusiness Creek;6908615;6908615;Giles;Virginia;8;8;8.4;67h;Eastern Temperate Forests;Ozark/Ouachita-Appalachian Forests;Ridge And Valley;Southern Sandstone Ridges;10,43333333;4,363157895;;34,77619048;34,89214286;1054,806667;768,75;999,55;760,38;1237,95;11,12;
VT32;VTSSS;37,3804;-80,5765;43,99265714;-73,24251274;Laurel Creek;6907697;6907697;Giles;Virginia;8;8;8.4;67h;Eastern Temperate Forests;Ozark/Ouachita-Appalachian Forests;Ridge And Valley;Southern Sandstone Ridges;10,43333333;4,363157895;;34,77619048;34,89214286;1054,806667;943,64;1135,27;944,48;1280,2;9,34;
VT33;VTSSS;37,9343;-79,4956;43,99265714;-73,24251274;Guys Run (Upper);8540023;8540023;Rockbridge;Virginia;8;8;8.4;67c;Eastern Temperate Forests;Ozark/Ouachita-Appalachian Forests;Ridge And Valley;Northern Sandstone Ridges;10,43333333;4,363157895;;34,77619048;34,89214286;1054,806667;499,26;711,48;486,59;1009,35;17,35;
VT34;VTSSS;37,9289;-79,4552;43,99265714;-73,24251274;Laurel Run;8538941;8538941;Rockbridge;Virginia;8;8;8.4;67c;Eastern Temperate Forests;Ozark/Ouachita-Appalachian Forests;Ridge And Valley;Northern Sandstone Ridges;10,43333333;4,363157895;;34,77619048;34,89214286;1054,806667;388,23;709,88;388,23;1050,3;20,09;
VT36;VTSSS;38,1587;-78,8059;43,99265714;-73,24251274;Meadow Run;5908425;5908783;Augusta;Virginia;8;8;8.4;66b;Eastern Temperate Forests;Ozark/Ouachita-Appalachian Forests;Blue Ridge;Northern Sedimentary and Metasedimentary Ridges;10,43333333;4,363157895;;34,77619048;34,89214286;1054,806667;467,75;716,65;467,8;925,16;19,84;
VT37;VTSSS;38,4012;-79,2835;43,99265714;-73,24251274;North River;5908933;5908933;Augusta;Virginia;8;8;8.4;67d;Eastern Temperate Forests;Ozark/Ouachita-Appalachian Forests;Ridge And Valley;Northern Dissected Ridges and Knobs;10,43333333;4,363157895;;34,77619048;34,89214286;1054,806667;812,19;1052,94;815,1;1304,99;17,84;
VT38;VTSSS;38,3159;-79,3536;43,99265714;-73,24251274;Ramseys Draft (Middle);8538463;8538463;Augusta;Virginia;8;8;8.4;67d;Eastern Temperate Forests;Ozark/Ouachita-Appalachian Forests;Ridge And Valley;Northern Dissected Ridges and Knobs;10,43333333;4,363157895;;34,77619048;34,89214286;1054,806667;707,47;1009,18;707,47;1304,89;21,53;
VT39;VTSSS;37,9631;-79,0141;43,99265714;-73,24251274;Kennedy Creek;5910063;5910063;Augusta;Virginia;8;8;8.4;66b;Eastern Temperate Forests;Ozark/Ouachita-Appalachian Forests;Blue Ridge;Northern Sedimentary and Metasedimentary Ridges;10,43333333;4,363157895;;34,77619048;34,89214286;1054,806667;565,66;808,75;564,87;1050,66;18,37;
VT40;VTSSS;37,9404;-79,0066;43,99265714;-73,24251274;Mills Creek;5910075;5910075;Augusta;Virginia;8;8;8.4;66b;Eastern Temperate Forests;Ozark/Ouachita-Appalachian Forests;Blue Ridge;Northern Sedimentary and Metasedimentary Ridges;10,43333333;4,363157895;;34,77619048;34,89214286;1054,806667;602,9;796,01;602,7;1086,97;20,98;
VT41;VTSSS;37,9247;-79,1358;43,99265714;-73,24251274;Saint Marys River (Lower);8540021;8540021;Augusta;Virginia;8;8;8.4;66b;Eastern Temperate Forests;Ozark/Ouachita-Appalachian Forests;Blue Ridge;Northern Sedimentary and Metasedimentary Ridges;10,43333333;4,363157895;;34,77619048;34,89214286;1054,806667;536,08;857,74;530,33;1108,61;19,59;
VT42;VTSSS;37,5329;-79,4649;43,99265714;-73,24251274;Hunting Creek;8549587;8549587;Bedford;Virginia;8;8;8.4;66a;Eastern Temperate Forests;Ozark/Ouachita-Appalachian Forests;Blue Ridge;Northern Igneous Ridges;10,43333333;4,363157895;;34,77619048;34,89214286;1054,806667;574,57;891,18;574,57;1196,76;19,27;
VT43;VTSSS;37,7878;-79,1541;43,99265714;-73,24251274;Greasy Spring Branch;8548595;8548595;Amherst;Virginia;8;8;8.4;66a;Eastern Temperate Forests;Ozark/Ouachita-Appalachian Forests;Blue Ridge;Northern Igneous Ridges;10,43333333;4,363157895;;34,77619048;34,89214286;1054,806667;753,35;1035,7;764,14;1233,5;17,33;
VT44;VTSSS;37,7576;-79,1299;43,99265714;-73,24251274;Georges Creek;8548705;8548705;Amherst;Virginia;8;8;8.4;66a;Eastern Temperate Forests;Ozark/Ouachita-Appalachian Forests;Blue Ridge;Northern Igneous Ridges;10,43333333;4,363157895;;34,77619048;34,89214286;1054,806667;492,55;846,21;488,61;1219,85;20,49;
VT45;VTSSS;37,6332;-79,34;43,99265714;-73,24251274;Otter Creek (Upper);8549101;8549101;Amherst;Virginia;8;8;8.4;66b;Eastern Temperate Forests;Ozark/Ouachita-Appalachian Forests;Blue Ridge;Northern Sedimentary and Metasedimentary Ridges;10,43333333;4,363157895;;34,77619048;34,89214286;1054,806667;405,51;628,19;400,45;1015,15;19,81;
VT46;VTSSS;37,726;-79,2;43,99265714;-73,24251274;Little Cove Creek;8548759;8548759;Amherst;Virginia;8;8;8.4;66a;Eastern Temperate Forests;Ozark/Ouachita-Appalachian Forests;Blue Ridge;Northern Igneous Ridges;10,43333333;4,363157895;;34,77619048;34,89214286;1054,806667;510,94;922,57;510,94;1228,86;22,99;
VT48;VTSSS;36,9583;-80,6597;43,99265714;-73,24251274;Big Macks Creek (Lower);6885344;6885344;Pulaski;Virginia;8;8;8.4;66e;Eastern Temperate Forests;Ozark/Ouachita-Appalachian Forests;Blue Ridge;Southern Sedimentary Ridges;10,43333333;4,363157895;;34,77619048;34,89214286;1054,806667;659,65;861,65;659,81;1061,32;17,83;
VT49;VTSSS;38,9382;-78,6455;43,99265714;-73,24251274;Little Stony Creek (Lower);8440805;8440805;Shenandoah;Virginia;8;8;8.4;67c;Eastern Temperate Forests;Ozark/Ouachita-Appalachian Forests;Ridge And Valley;Northern Sandstone Ridges;10,43333333;4,363157895;;34,77619048;34,89214286;1054,806667;466,33;759,22;466,33;1004,64;15,72;
VT50;VTSSS;38,9049;-78,7308;43,99265714;-73,24251274;Laurel Run (Upper);8440837;8440837;Shenandoah;Virginia;8;8;8.4;67c;Eastern Temperate Forests;Ozark/Ouachita-Appalachian Forests;Ridge And Valley;Northern Sandstone Ridges;10,43333333;4,363157895;;34,77619048;34,89214286;1054,806667;525,9;750,49;525,91;988,9;16,24;
VT51;VTSSS;38,7158;-78,3816;43,99265714;-73,24251274;Jeremys Run;5907057;5907057;Page;Virginia;8;8;8.4;66b;Eastern Temperate Forests;Ozark/Ouachita-Appalachian Forests;Blue Ridge;Northern Sedimentary and Metasedimentary Ridges;10,43333333;4,363157895;;34,77619048;34,89214286;1054,806667;287,07;624,7;286,26;1049,99;18,83;
VT52;VTSSS;38,5249;-78,6645;43,99265714;-73,24251274;Morgan Run;17828204,58;5906895;Page;Virginia;8;8;8.4;67c;Eastern Temperate Forests;Ozark/Ouachita-Appalachian Forests;Ridge And Valley;Northern Sandstone Ridges;10,43333333;4,363157895;;34,77619048;34,89214286;1054,806667;509,72;730,83;509,72;933,05;16,14;
VT53;VTSSS;38,3339;-78,6712;43,99265714;-73,24251274;Twomile Run;5908269;5908269;Rockingham;Virginia;8;8;8.4;66b;Eastern Temperate Forests;Ozark/Ouachita-Appalachian Forests;Blue Ridge;Northern Sedimentary and Metasedimentary Ridges;10,43333333;4,363157895;;34,77619048;34,89214286;1054,806667;373,13;583,78;371,48;858,86;23,25;
VT54;VTSSS;38,6814;-79,0664;43,99265714;-73,24251274;German River (Upper);8441493;8441493;Rockingham;Virginia;8;8;8.4;67d;Eastern Temperate Forests;Ozark/Ouachita-Appalachian Forests;Ridge And Valley;Northern Dissected Ridges and Knobs;10,43333333;4,363157895;;34,77619048;34,89214286;1054,806667;768,56;992,72;768,56;1176,19;15,7;
VT56;VTSSS;38,4296;-79,1399;43,99265714;-73,24251274;Wolf Run;17828204,58;5908921;Augusta;Virginia;8;8;8.4;67d;Eastern Temperate Forests;Ozark/Ouachita-Appalachian Forests;Ridge And Valley;Northern Dissected Ridges and Knobs;10,43333333;4,363157895;;34,77619048;34,89214286;1054,806667;596,77;860,01;594,18;1166,03;17,92;
VT57;VTSSS;38,509;-79,0653;43,99265714;-73,24251274;Black Run;5907439;5907439;Rockingham;Virginia;8;8;8.4;67d;Eastern Temperate Forests;Ozark/Ouachita-Appalachian Forests;Ridge And Valley;Northern Dissected Ridges and Knobs;10,43333333;4,363157895;;34,77619048;34,89214286;1054,806667;525,19;835,74;526,56;1243,56;19,98;
VT58;VTSSS;38,5705;-78,3044;43,99265714;-73,24251274;Brokenback Run (Upper);932080034;932080034;Madison;Virginia;8;8;8.4;66a;Eastern Temperate Forests;Ozark/Ouachita-Appalachian Forests;Blue Ridge;Northern Igneous Ridges;10,43333333;4,363157895;;34,77619048;34,89214286;1054,806667;339,38;689,92;339,61;1128,8;16,96;
VT61;VTSSS;38,693;-78,2741;43,99265714;-73,24251274;North Fork Of Thornton River;8466039;8466039;Rappahannock;Virginia;8;8;8.4;66a;Eastern Temperate Forests;Ozark/Ouachita-Appalachian Forests;Blue Ridge;Northern Igneous Ridges;10,43333333;4,363157895;;34,77619048;34,89214286;1054,806667;333,86;606,37;333,77;928,56;15,71;
VT62;VTSSS;38,6162;-78,2639;43,99265714;-73,24251274;Hazel River;8466043;8466043;Rappahannock;Virginia;8;8;8.4;66a;Eastern Temperate Forests;Ozark/Ouachita-Appalachian Forests;Blue Ridge;Northern Igneous Ridges;10,43333333;4,363157895;;34,77619048;34,89214286;1054,806667;341,32;709,1;346,73;1124,4;15,66;
VT63;VTSSS;37,79;-79,1029;43,99265714;-73,24251274;Shoe Creek;8548591;8548591;Nelson;Virginia;8;8;8.4;66a;Eastern Temperate Forests;Ozark/Ouachita-Appalachian Forests;Blue Ridge;Northern Igneous Ridges;10,43333333;4,363157895;;34,77619048;34,89214286;1054,806667;432,49;845,09;431,02;1228,68;21;
VT64;VTSSS;37,8505;-79,0784;43,99265714;-73,24251274;Crabtree Creek;8548477;8548477;Nelson;Virginia;8;8;8.4;66a;Eastern Temperate Forests;Ozark/Ouachita-Appalachian Forests;Blue Ridge;Northern Igneous Ridges;10,43333333;4,363157895;;34,77619048;34,89214286;1054,806667;496,35;946,32;486,03;1125,65;16,52;
VT65;VTSSS;37,8508;-79,0807;43,99265714;-73,24251274;Meadow Creek;8548499;8548499;Nelson;Virginia;8;8;8.4;66a;Eastern Temperate Forests;Ozark/Ouachita-Appalachian Forests;Blue Ridge;Northern Igneous Ridges;10,43333333;4,363157895;;34,77619048;34,89214286;1054,806667;500,82;880,12;494,59;1135,99;20,16;
VT66;VTSSS;38,5155;-78,3668;43,99265714;-73,24251274;Rose River;8465881;8465881;Madison;Virginia;8;8;8.4;66a;Eastern Temperate Forests;Ozark/Ouachita-Appalachian Forests;Blue Ridge;Northern Igneous Ridges;10,43333333;4,363157895;;34,77619048;34,89214286;1054,806667;343,43;831,31;343,43;1225,27;15,71;
VT67;VTSSS;36,5705;-80,8553;43,99265714;-73,24251274;East Fork Of Chestnut Creek (Lower);6886928;6886928;Grayson;Virginia;8;8;8.4;66c;Eastern Temperate Forests;Ozark/Ouachita-Appalachian Forests;Blue Ridge;New River Plateau;10,43333333;4,363157895;;34,77619048;34,89214286;1054,806667;787,02;894,02;786,58;1080,01;14,14;
VT75;VTSSS;38,5411;-78,3501;43,99265714;-73,24251274;White Oak Canyon Run (Lower);8466053;8466053;Madison;Virginia;8;8;8.4;66a;Eastern Temperate Forests;Ozark/Ouachita-Appalachian Forests;Blue Ridge;Northern Igneous Ridges;10,43333333;4,363157895;;34,77619048;34,89214286;1054,806667;357,28;730,08;349,79;1165,27;17,76;
VT76;VTSSS;37,5734;-79,4907;43,99265714;-73,24251274;Belfast Creek;8522891;8522891;Rockbridge;Virginia;8;8;8.4;66b;Eastern Temperate Forests;Ozark/Ouachita-Appalachian Forests;Blue Ridge;Northern Sedimentary and Metasedimentary Ridges;10,43333333;4,363157895;;34,77619048;34,89214286;1054,806667;319,36;545,28;318,57;817,79;19,77;
VT77;VTSSS;37,5995;-79,4135;43,99265714;-73,24251274;Matts Creek;8549291;8549291;Bedford;Virginia;8;8;8.4;66a;Eastern Temperate Forests;Ozark/Ouachita-Appalachian Forests;Blue Ridge;Northern Igneous Ridges;10,43333333;4,363157895;;34,77619048;34,89214286;1054,806667;254,81;513,62;254,36;817,98;26,08;
VT78;VTSSS;36,9714;-81,691;43,99265714;-73,24251274;Little Tumbling Creek;19761212;19761212;Tazewell;Virginia;8;8;8.4;67h;Eastern Temperate Forests;Ozark/Ouachita-Appalachian Forests;Ridge And Valley;Southern Sandstone Ridges;10,43333333;4,363157895;;34,77619048;34,89214286;1054,806667;790,13;1063,91;788,72;1375,8;15,81;
VT80;VTSSS;38,947;-78,6359;43,99265714;-73,24251274;Little Stony Creek (Upper);8440805;8440805;Shenandoah;Virginia;8;8;8.4;67c;Eastern Temperate Forests;Ozark/Ouachita-Appalachian Forests;Ridge And Valley;Northern Sandstone Ridges;10,43333333;4,363157895;;34,77619048;34,89214286;1054,806667;528,55;794,82;529,75;1004,64;15,57;
VT81;VTSSS;36,5714;-80,8482;43,99265714;-73,24251274;East Fork Of Chestnut Creek (Upper);6886930;6886930;Grayson;Virginia;8;8;8.4;66c;Eastern Temperate Forests;Ozark/Ouachita-Appalachian Forests;Blue Ridge;New River Plateau;10,43333333;4,363157895;;34,77619048;34,89214286;1054,806667;799,31;905,45;799,31;1080,01;14,17;
WOR1;VTSSS;38,2508;-78,7485;43,99265714;-73,24251274;White Oak Run (Lower);5908593;5908593;Rockingham;Virginia;8;8;8.4;66b;Eastern Temperate Forests;Ozark/Ouachita-Appalachian Forests;Blue Ridge;Northern Sedimentary and Metasedimentary Ridges;10,43333333;4,363157895;;34,77619048;34,89214286;1054,806667;451,52;667,29;451,48;1016,46;21,87;
WWW;LTM_PA;40,3514;-79,0511;43,99265714;-73,24251274;Baldwin Creek;4754356;4754356;Westmoreland;Pennsylvania;8;8;8.4;69a;Eastern Temperate Forests;Ozark/Ouachita-Appalachian Forests;Central Appalachians;Forested Hills and Mountains;10,43333333;4,363157895;;34,77619048;34,89214286;1054,806667;433,89;679,9;430,22;831,42;11;